MAKKTSSTVLPFEAM,-1
MSQLALQMSSLGVEG,-1
MRRKNHTHQQDIDDL,1
SVGTSVASAEQDELS,1
NRRIHDQAKEITETM,-1
LFLFLTGIQHLISPT,-1
FGEKIGLSFQLADDL,1
MDTWKVGPVELKSRL,-1
PDAMKAAIVLEKSLN,1
DLEYALDKKVEQDLW,-1
GPSGSGGGGGSKTLA,-1
QDLLIAHAGELEKFQ,1
ALERALRVAEEAARL,1
VEVYLYLSSLYQVGL,1
RMDHTTPFRNSYELD,-1
GYCCVYGQMSHWGAT,-1
NDVEYHESIDEMKHA,1
RKRNRIPLGCTICRK,-1
ADIFTAASRSLDKAL,1
AEGEIKVELEDSDDV,-1
IFASIQSERRNTECK,-1
LSKKYLAKVKERHEL,1
IDDIDHEIADLQAKR,1
PSMVAHFLRRSIVRV,1
RDLINVIRADEAEHR,1
SLVSQNLGPLDERGA,-1
MNTVRSEKDSMGAID,-1
GSMGEAPNQALLRIL,-1
LQAHQDIIANIGEKL,-1
YEKARETAREVKEEL,1
VIEAIEEAVKQGNPE,-1
VARVLHGETPTDGNP,-1
AATAVTQALNELLQH,1
MIKSSFKAQPFLVRN,-1
LRSDLALELDGAKNL,1
AVLPLMRRLTESHHA,-1
LRIKFTEESRIKKLH,-1
LYEEYTRTSQELQMK,1
GPGSRAAQGRAFGNL,-1
INERNITSEMRESFL,-1
EELDKALACFRNAIR,-1
EARALYNLGNVYHAK,1
SRYLSSYIHVLNKFI,1
FAEIHQAFETMFQES,1
GNGAIPRGGSLAVRL,-1
AIVGFMPNYLGHPDN,-1
ASGPESAYTTGVTAR,-1
LRRSLKVAMESLEEA,1
SFNNINASISSINAY,1
SLVQAQTNARAIAAM,1
IVQQQNNLLRAIEAQ,1
AQPSSQKATNHNLHI,-1
LRLKVEELEGERSRL,1
RNTWLYQALREGTRV,-1
QTLGGVAVGDPRHVA,-1
GIDPFTKHGQKECDN,-1
RIEEVKERFVNLNRL,-1
INRQINLELYASYVY,1
LYGTNQSIEALTDKM,1
AREYREKIETELRDI,1
QGVHQGTGFQDIPKR,-1
KFLEVCTWVDQIAAL,1
GAAAMRRSEVLAEES,-1
GARASVLSGGELDKW,-1
YKHEQLITQKINELA,1
WPHLQLVYEFFLRFL,1
KKLDKLERQGKDLED,-1
VRMLNNYGSNYTPQY,-1
AKEKDVNKSHHHHHH,-1
LTNDFSEKSSYFQSQ,-1
AREHFSTVKTHLTSL,1
AEERKRKLENMYHLF,1
IEALLVEYLHFNNVI,1
MIAAAYYNVGHCKYS,1
ISHHAKEIERLQKEI,1
ERQIASILSWEIDII,1
MRSETMSYYHHHHHH,-1
MHHHHHHSSGVDLGT,-1
EQFMQWFLQEQIEEV,1
HMHSRRVMHRDIKPA,-1
RTRRPGEPPLDLGSI,-1
MANVYDWFQERLEIQ,-1
PEEILERAKESLERA,1
LVNENFVLSEKLDTK,1
LFLEGAPNLQDLGKL,-1
MAVAPTAREENVYMA,-1
EANPPSDVYLSSRDR,-1
LQYLAMGAHFSKDVV,-1
TQCNVNPVQIPKDWI,-1
YKNVVGARRSSWRVV,1
ICYCLDTTAENQAKN,1
EDLGAAPAVQPTQGA,-1
MLANENSLLTMFREL,-1
AEEEKAHMMKLFDYI,1
TLKHFEHVRMVDPKK,-1
INEKSFAAFLELPPA,-1
FQYGDNCIQKIYQEL,-1
LAEIIWQNRQQIRRA,1
YARDIGLAFQIADDL,1
GAMGKDNKDKVASFT,-1
FQKCHDFMKEIDDDV,-1
RQKVRDAEKQYEKDP,-1
AREKLQEQVAEASEL,1
VVLLYMATQISSAME,1
TSMGADFYPQLGHIY,-1
MEEIVEGCTGALHIL,1
FAEIHQAFETMFQES,1
KDALTKMRAAALDAQ,1
SEHLKVHKKDHHSHR,-1
QALLDLHKVGSDKVD,-1
QKVGLENYLLSHMHE,-1
YAMAVNGGDNKPTAG,-1
TLMLTVVAYAFYTSN,1
RDMMIEILRDEEGHI,1
ESNILIHQNGKLSAD,-1
GSQNPIKESLETVAA,-1
GAMVLDPEVAQLLSQ,-1
EKHLKVIIRALSFDL,1
LEEDVRNLNAIVQKL,1
INNYTSLIHSLIEES,1
KNIIELVHQVSMGMK,1
LREHQHWRNDEPQPH,-1
AFDNIGKAHLETGKA,1
KEHKYTIMMGRTHGV,-1
FGYEERLFADYAYPE,-1
YELAQARANLESMAL,1
LTLAIAREVGNLLLT,1
YLEKKNFIHRDLAAR,-1
LFQMLDTLSLYQGLL,1
IPQLKTLTQTLNEKS,1
YIHEHEYVHGDIKAS,-1
EHIVTVESELPTAAR,-1
LTRLCLGLSAVFLCG,1
LDQMEEDQDLHLYYS,-1
CAINDGIILKSWTQI,1
ASKIDLVLNVARGLL,1
LRMSEEEAKNATNRV,1
AEQKLQEANDELLKA,1
LEGEVNKIKSALLST,1
VRTLQENLRQLQDEY,1
TAAVGADLLGDGRPE,-1
ILKQEWPQNWPEFIP,-1
LEAMQAALQLEKTVN,1
YRRVYRLHKRLVAIR,1
YLASKKCIHRDLAAR,-1
IEVKLANMEAEINTL,1
ATVLRAQIQSLMDSL,1
RDQLEEEQLHLNIGL,1
FVSRASITTVDVLTP,-1
EQAAKEIRAFKLNII,1
GLTKDEFSTLDSIIR,-1
KEKLTKFVEYLDKVR,1
SVETIKKLGDHITSL,1
SDQLVSVIQDMEKIS,1
VSQLSALVQAQLEYH,1
ELQETYLHLVRPEVL,-1
DKVEPAVIEAQNAVK,-1
IEESQNQQEKNEQEL,1
LSVFGSEADYLRSIA,-1
FRQLDNRLDKLDTRV,1
INDLKAQVEKLTQQG,1
IQRKKIARDNGPGHN,-1
GSMPLLLDDGDPKAQ,-1
VKVLSSTISSSLETA,1
SKVIDELSSCHAVLS,1
LADAEDLLHDTAERF,1
RWSVLAGHSRTVSDS,1
RDLLKDILESEEEHI,1
LNAMEAALQLEKNVN,1
ALQAIELQLTLETIY,1
QSLLELHKLATDKND,-1
ANNSLSSNGNVTESG,-1
LISYESDFKTTLEQA,1
TKENKRLLEKSQRVE,-1
KARAFNEVDFRHKTA,-1
EELVRQGGWLEHHHH,-1
ILRLEKEIEDLQRMK,1
YTELYQQLNDLEACV,1
RPMLEERIVELFRNL,1
FVDTVVKSNLQNLAV,1
TASGINDGSGIVLGK,-1
YKEAEGYFKTAAAIF,1
YISKARNLDDVVKVL,-1
LKQINIQLATKIQHL,1
YNQLKEDYNTLKREL,1
VYDKHHGDTPSKYAN,-1
AYAAQVPYKLAYDAK,1
LNKLLGNELVAINQY,1
PVLVSCAYQVARGMQ,1
EEHHIDFLETQLDLV,1
VNELRAEVQQLTNEQ,1
PLVLMYRLATDMVST,1
ALALLAKLSTRLHQR,1
AHMTCHCGEEAMKKY,-1
GARASVLSGGELDKW,-1
MGSSHHHHHHSSGLV,-1
LNERQERIMNEAKKL,1
KDLVSCTYQLARGME,1
KVEQAVETEPEPELR,-1
RKQKKERKQELKLLQ,-1
VMFLTVLSVLLYLTN,1
QSLLELHKLATDKND,-1
MQVTHSMPPQKLEIF,-1
ALSTEVVHLRQRTEE,-1
IIEADKKWRRTQFLT,1
YNFLQWYVAEQVEEE,1
CYHGETLLASDKCGE,-1
INNYTSLIHSLIEES,1
QVKDIKRIGDFITNL,1
ERKASDPNRFTNRGG,-1
VTQIKNELSTVKTTL,1
KKKKDELDPLLTRTG,-1
GSMTSKIALFDQTLI,-1
GPMGWPPGSEDSYSA,-1
YLASQKCIHRDLAAR,-1
INEKSFAAFLELPPA,-1
LEDFLQEGEEPDEDD,-1
QRRTSMGGTQQQFVE,-1
YSLASKVEGGSALEV,-1
LAHELADLLYVTYGA,1
EPGYEKPTVAAPSAY,-1
RREIETRLRAANGKL,1
ALLFLTLPGTGSGNF,-1
MGQIFTVQELKERAK,-1
EVKILVDRDPIKTSF,-1
LQQTQAQVDEVVDIM,1
TQKRREALERMEKLL,1
TPQPLECVFLADSGS,-1
GMKISIHATAEDIVF,-1
YKHEQLITQKINELA,1
WVYWDLELFRDPRTG,-1
NTVRVGKLSGAVGTY,-1
KKSEKALDTLNKAIV,-1
IPELQNFLTILEKEE,1
SDVTKSIRNVIKACE,-1
LDALSPEQLVLTLLE,-1
EALDDGALTESVAPS,-1
FVPYLIWATATTGLN,1
LTKIDEGIEIIEKSI,1
SFNNINASISSINAY,1
RKKSQGSKNPQKYSD,-1
SGTTKEEVKEKFLKE,-1
LENYITALQAVPPRP,-1
MVKIYLIEHVIGAVA,-1
IIKLENSIRELHDMF,1
IAQLESHCQEPCKDT,-1
EYHESIDEMKHADKL,1
LLEKRRQLSRDIGRL,1
LNKLLGNELVAINQY,1
LRLVINRLKLLEKKK,1
QVEAIKRISEYVAQL,1
RNNLDNAVEQLRQIT,-1
TYTLFSSYGINDPEL,-1
NQAEIVTAYNDAKTL,1
KKVELFPNGQSVGEK,-1
KARAFNEVDFRHKTA,-1
IRYLQEIYNSNNQKI,1
YQELEQEINTLKADN,1
QTYSNGSTKDRKLLL,-1
LDAMKAAIVLEKSLN,1
WTHMMAMHFFADRPF,-1
MDEQSQGMQGPPVPQ,-1
MILHAQAKHGKPGLP,-1
SKKNSLALSLTADQM,-1
MVKSPSILHILKEGR,-1
TLYRNAQSNTVKVIK,-1
MEELQREINAHEGQL,1
LYYQWITNRFVFYGI,-1
SEELQKDLEEVKVLL,1
IVRLREHINLLSKKQ,1
IEDLWDLLQYHVTTY,1
IWGATLMIPLVSISS,1
SKELQAAQARLGADM,1
VPYFISQLDKMIEVM,1
IQGVGVTETPLMKED,-1
MSALPEEVNRTLLQI,-1
ALLSFERKYRVPGGT,-1
VPIRQLALFKEMQSV,1
RLPSADVYRFAEPDS,-1
WLKLLAHELRAAIVH,1
DEQMLKRRNVSSFPD,-1
LEVIIDQSNHLENLL,1
AEAEKQPQLMGRTLY,-1
LQAAVDFYEENLSLV,1
ALELNASKHRIYEYV,1
TNLSKQQQVSEIMRQ,1
LQQTQAQVDEVVDIM,1
LGIHSNDTRDAWVNK,-1
EYGDALGIAFQIVDD,1
QVKDIKRIGDFITNL,1
IWAFHTTGNNNPTGV,-1
LFGLNNLKSILEDIE,1
AEGVLQPMIVSAMLE,-1
WTHMMAMHFFADRPF,-1
MDRALPFIGDGLKPV,-1
LILTRSIKEKWLLNQ,-1
ENEARIFLTKGNKVM,-1
NPRKYGDKVTNELVG,-1
AGRVLFEQLESLLTH,1
ESALLRARRLGGLAP,-1
ADFVRERATIEEAYS,1
YAHAARSREQARNAL,1
IPRLVQLLVRAHQDT,1
EEGHIDFLETQLDLL,1
MGSSHHHHHHSSGLV,-1
YFTLLGQHGYPAEPG,-1
MRSKRFEALAKRPVN,-1
LEALQTALKLQKSVN,1
RGAIDELLALLLALR,1
MIITGTIWFDQWVDW,-1
DKDLQTLIQKWKNAA,1
IDDILDYTSDAETLG,-1
MIIFMAFAIHFYRSL,1
GWAGSMALYELATFD,-1
DKGLASSAALNSLFQ,-1
GSMEEEAETEEQQRF,-1
VRQVSKSTFDMIEEW,-1
YEQMINEYKRRIEVL,1
GPMSRKAPCKYEVRG,-1
QVKRVQNYVETLDAL,1
LCFLALNNFVDDTSY,1
SQNFGADLRRDLFRK,-1
MKWSDNKDDILKGGD,-1
MMKSRTFRLSVSTLV,-1
SVDYIRKLQREQQRA,1
EQLGSSGSPSGSWSH,-1
KTRINVLAAQYQSLL,1
IAQIQAVIAGIQKYI,1
VERILFLEGLPNLQT,-1
IAAIQEQILAIYKQI,1
LNKILGNELIAINQY,1
MRGSHHHHHHGMASM,-1
LQAAVDLYEENLSLV,1
MLQREEAENTLQSFR,-1
VKKEIKDLEKAKDFT,1
MGSSHHHHHHSSGLV,-1
IVQQQNNLLRAIEAQ,1
EGRACWSLGNAYTAL,1
LGILCKCPLQNESQE,-1
HHEYTEMYPSFARIA,-1
LFLEGLPNLQDLGKL,-1
VEDRVTQLERISNAH,1
AHWMKKQAQEELTHA,1
AFGERWLSTQESNAL,-1
TQKVSLEESVLSQVT,1
GSHADYNLNSPLISD,-1
QESGATLIRDRLKTE,-1
VELVRGYADEVAERI,1
LALANACPGDDSADC,-1
LKKLKHLEKSVEKIA,1
MGSSHHHHHHSSGLV,-1
KHRDLTALCKEYDEL,1
CRIDNLFSEQDIFSL,-1
IDDLKKITNSLTVLC,1
ALALALHGALVLSAA,-1
LRSDLALELDGAKNL,1
LVAIQAELTKSQETI,1
KSFHKPVTSYQEACS,-1
MIITGTIWFDQWVDW,-1
LCHNALDVQSLSALG,-1
TIILDDELIQWKRRQ,-1
YLELKKALATSEAKV,1
MKLDIKKTFSNRSDR,-1
QVKAIKELGDHVTNL,1
ELEEKTRLINQVMEL,1
VEAMEILELYCDLLL,1
FAEIHQAFETMFQES,1
MVTENPQRLTVLRLA,-1
LSSVRNHQINSDLAQ,-1
AFLDLTGRIAQTLLN,-1
SSKVKNKVDRSIALL,1
SSQIRQNYSTEVEAA,-1
MGSSHHHHHHSSGLV,-1
LIAYRDRLKAIRATL,1
LGGITLVCFLIQFAT,1
KFAKDSPQILFMLDK,-1
VEAATQEVERAAGDL,1
LEQHKLLVARVFSLP,-1
SQQDYRKNQEYIAKQ,-1
DETMKNNLQTLVQKY,1
LRELQEALEEEVLTR,1
LDAQKATPPKLEDKS,-1
ICYCLDTIAENQAKN,1
WESRVTQYERDFERI,1
CRNTTHLLQRQLTRT,1
LAPYGEKAAILIAAA,-1
EARALYNLGNVYHAK,1
IAQLMRDTESLAKRI,1
VTHYSNLLCDLLRGI,1
FLTLFQQWDLDMQKA,1
NKLHAFSMGKKSGKK,-1
LLNTLGLFFQIRDDY,1
IPRLVQLLVRAHQDT,1
SGSDGGFVNTDVNHI,-1
LTAEKSKIETEIKNK,1
RNNFSSTGWNETIVV,-1
FDILVGQIDDALKLA,1
GPLGSQRKEKDFQGM,-1
IVTGTDEQTQKVIDA,-1
QAKISSIEFGYMDYA,-1
MIITGTIWFDQWVDW,-1
TLVHVFEARAGLKPE,-1
GLMKAVDKFEYRRGY,-1
LNRQVTVQRKEKDFQ,-1
KANGDASAVKVSNLL,-1
ANEIMDLLRGMDARL,1
MLRFTNCSCKTFVKS,-1
MGAAILPDLGTEILI,-1
TSHPVSWVQTFGAEG,-1
FAEIHQAFETMFQES,1
VIKDYSTFTQEIEAL,1
ASEIATGNNDLSSRT,1
IDKILEDEEKHIEWH,1
MTKFSGNELRAELYR,-1
GETKGPGPTVKPSGH,-1
EVKDIKRIGDFITNL,1
GPHMLEMPDEMRAEV,-1
KEASEVKPPRDITAE,-1
PCKAAGVCLMLLATC,1
QALLDLHALGSAQAD,-1
EALLKEVGLSLRDAA,-1
LQGQVQHLQAAFSQY,1
ECLSRMLHRGTIPLD,-1
SAQAAREIKSLIEDS,1
EMEIRHEQDELSAKA,1
CKDLENLSQIQNREF,-1
MFKHTRKLQYNAKPD,-1
YELAALAEEEKDYST,-1
NMKVSAALDGADTCL,1
DDLKNAYEQALGQYS,-1
SADSASTVMGTMSQH,-1
FATIAPYTLEETYEV,1
EERRFPSSFEEIEIL,-1
RDPQRYLVIQGDERM,-1
DPAFKEYGENVIKNA,-1
MESTALQQAFDTCQN,-1
IAQLMRDTESLAKRI,1
MHHHHHHMARYDLVD,-1
SKIYSTLTAFVKYYL,1
MKETLQNVRTRLEIL,1
HVYSSAAHFADVAGR,-1
IEVKLANMEAEINTL,1
FQTAAQRTMVDQVRE,-1
RLRADPIISAKMELT,-1
LKDILESEEEHIDYL,1
YRFFGDSSMQIDPSM,-1
FDSEWENFAMAMDKV,1
FINEQVEEEASVKKI,1
MPVDKNLRDLEPGIH,-1
QQYQDATADEQGEFE,-1
QLEHLLLDLQMILNG,1
LNKILGNELIAINQY,1
LRGELGDLLFQVVFY,1
TIARTIVLQESIGKG,-1
YYMTEEGSEGKQAFL,-1
MNTKYNKEFLLYLAG,-1
QVKAIKELGDHVTNL,1
YNYIYDRNGRVELDE,-1
SRYLSSYIHVLNKFI,1
QATIAKKLFAIRSGD,-1
SHVSIALENCVLWHE,-1
MAKAGLTLQQQHQRL,-1
FETVSFWLSNTCRFL,1
GSSHHHHHHMISRYT,-1
LSLLQARLSQDLARE,1
SAQMARRLQVTSEKV,1
DLTPKYTVPGIEREA,-1
EEMLRSDLALELDGA,1
KLLKLAEVEKTCQLM,1
MSRRASVGLVDREQL,-1
MIVANEVQNLSNETN,1
PTFINHMVNEVEEYI,1
RDPQRYLVIQGDERM,-1
GSPNYDKWEMERTDI,-1
MGEIVKEYEKRLERI,1
LEQLLVGYDLAADDL,1
LNAMECALHLEKNVN,1
PCKAAGVCLMLLATC,1
LLLAMPVELYNFIWV,-1
MGSSHHHHHHSSGLV,-1
QVKAIKELGDHVTNL,1
GPGSGPNSDLDVNTD,-1
MKANKYLIFILGALG,-1
IVISAKTMLESAGGL,1
MHHHHHHSSGVDLGT,-1
CHPFKAKTLMSRSRT,-1
KATPPKLEDKSPDSP,-1
YLEKKNFIHRDLAAR,-1
FETASEYYKKTLLLA,1
LFGLTLLLVITAVIS,1
KEKIKELHQQYKEAS,-1
LLQQIHNITSFIRQA,1
LVFAIEQYEKFLIQL,1
LELSNLNPKQRNRIN,-1
EEMLRSDLALELDGA,1
QVKSIKELGDHVTNL,1
MNPELEEWIRRAKEV,-1
AEEKVKHTEEAKQIV,-1
HQERKYLLDCMRLIL,1
KKTIEQLLSKVEGTM,1
VQNARAQYDTVLANE,1
ALLSFERKYRVPGGT,-1
KAIGSKDDGKLDLSV,-1
MIHELLLALSGYPGS,-1
AKYFLHQSHEEREHA,1
NTKYNKEFLLYLAGF,-1
NHLATQANNSHITPQ,-1
QGRAFGNLGNTHYLL,1
LKEVFRQFVEACGQA,1
HENTIQQLTDMHIMN,1
GPLGSMQYANAYQAY,-1
QSRALSVEFPEMMSE,-1
EAAAGPALEDVLDQP,-1
EDTKKSWKEKQGQEN,-1
RSLPFIIGCNPTILH,-1
LSEINEKMKAFSKDS,1
SAKLDVCRTIARRAE,1
VDALLDNGRRGAPVT,-1
LLATWGFYPIAYMIP,-1
QASMSTIEFGYLDYA,-1
LKLTVDGLEKERDFY,1
INRQINLELYASYVY,1
ADLTPKYTVPGIERE,-1
AKTTLDSTQARATQT,1
RALTLQEKAAGIQDV,1
TEQKTLCTELTVTDI,-1
VPKRDHALLEEQSKQ,-1
VSLTMDILRRAITAI,1
SALHWRAAGAATVLL,-1
EASTYDGVFIWKISD,-1
GLPWYRVHTVLINDP,-1
ARDVHNRIVIRGLNT,-1
AGRQDQIQQVVNHGL,-1
LVTVIELLMNELIKL,1
MTTDDLAFDQRHILH,-1
TVNLARHLGTKAEIA,-1
MGLLGILCFLIFLGK,-1
MNHMRVEYSKDLIRK,-1
VGMLIYLAMMATAFM,1
LEAMQAALQLEKTVN,1
IVQQQNNLLRAIEAQ,1
HKFIRDKYSKRFPEL,-1
IRYLQEIYNSNNQKI,1
LYFQKDSVTQVQKAA,1
AAELMQQVNVLKLTV,1
VVQSLEQTAREILTL,1
IQRLEQLLALYVAEI,1
AVELVVRVAELLLRI,1
MTLGTNQVSKTHSFM,-1
FLTVEQRMRACYYSL,1
AAAAAAMTMMDMNFK,-1
KRLGLPENGMGEYLF,-1
IADFLNNYQTSVDKD,1
GSATVTVTFTITELC,-1
MTVLQEPVQAAIWQA,-1
ALNMARFIRSQTLTL,1
LLARMMTSNMYFSQI,1
LLDALESNVQNVINN,1
LQKILEDEEKHIEWL,1
WDDLFNKLAEHLNSI,1
LDQMEEDQDLHLYYS,-1
RPNAVALVDAFDFKD,-1
ATIEDLDIADLEKWI,1
MPITKEEKQKVIQEF,-1
TFAKPAPETPEKLNV,-1
ARKLSQLVKTEKGVL,1
YLESRKCIHRDLAAR,-1
RYSGVVYPLKSLGRL,-1
SNTVKQANKDIDAAK,1
LHKLMARCFLKLGEW,1
LFVEILRERDVQAQW,-1
QKDVALSVLSKDLTD,-1
ILKQEWPQNWPEFIP,-1
MDTVNNYRVLEHKAA,-1
YKKAMVSNAQLDNEK,1
LSLWGADNDDDVSDV,-1
ALQFVQDPHIRFDLA,-1
PDAMKAAIVLEKSLN,1
IEAEYNELLNYISEL,1
YLKQGKYQDAETLYK,-1
VIFLIVLAALLYLTN,1
MVAGVSEYELPEDPR,-1
TMLPAIQNMKVDRFW,-1
AKGRAGRSKRTEQDH,-1
LDAQKATPPKLEDKS,-1
KEASEVKPPRDITAE,-1
MHNDKDLSTWQTFRR,-1
EEARTLTNVDRIQQI,-1
GFAMTFYYKPTVTEA,-1
MASMTGGQQMGRGSM,-1
IGGITFTCFLVQVAT,1
SERLQWEVEKYSFQV,1
LRIKFTEESRIKKLH,-1
EVKLIKKMGDHLTNI,1
GFFYAGMVRRKNAVN,-1
MSYYHHHHHHDYDIT,-1
NDVEYHESIDEMKHA,1
NMLMKSGINPFDSQE,-1
LAQQIKNIESFIHQA,1
YCVTIIALASYMGRA,1
ETTILSCIDRIHLDL,1
YQRELDGLLATVQAQ,1
VEAATQEVERAAGDL,1
SQIRQNYSTEVEAAV,-1
KNYYKQGIGHLLRGI,1
MPSSRRVRSRCCAFG,-1
LQMLDIQASQLRRME,1
MQESIARFHEIIAID,1
AKNLLDVIDQARLKM,-1
LKAFTHTAQYDAAIS,1
FAVLAPLFMVVEVIC,1
LVHLLTREISHTQMF,1
VRSLIDQTWKMMNKE,1
IEELIKKSEELIKKI,1
FRLGSKGSRLKMDFT,-1
QTGMKIDSKTPECRK,-1
IKVLDDGITKLNEAQ,1
MRILYDLHSEVQTLK,1
VESLSAKAFVMYSFA,1
EQFIKSMEELEKNHD,-1
AREVFDALKNYAVEH,1
KQLQARILAGGSGGH,-1
VALRAVELVVRVAEL,1
MSEIRKDTLKAILLE,-1
LSPARLARRAHRSKW,-1
RRVGKGHGVWHFDQM,-1
ADLEDNMETLNDNLK,-1
LHALNDLHLTLKHVH,1
ALGALYPLVKYFIPP,-1
HLHRSDVFEVYEGFS,-1
NSIDIAMEVMTRAFT,-1
ASVLVGDIKTLLMDS,1
STAFFFRRMSPADKR,-1
ALSSAVSLLEVPVAY,-1
QQNNLLRAIEAQQHL,1
AQLLLFAQQICEGMA,1
EYEYHVLDNPSVPDS,-1
AREYREKIETELRDI,1
LCQYFDIELPDLDSD,-1
EAILSQEVEAEIQAL,1
PDAMKAAIVLEKSLN,1
MDTTTATTARTDTLL,-1
EPPSEELQHEEKQSK,-1
LTLAAHHVNSHAIHH,1
VTFNEDLIVLGHESN,-1
QKGGDFLEGSIITGA,-1
MHHHHHHHHHHSGDE,-1
MEPLKVEKFATANRG,-1
LEAMQAALQLEKTVN,1
FENLIPILKTVHEKY,1
ADNAIPDAAEVAKAR,-1
MGSSHHHHHHSSGLV,-1
LDFQGDAGAIGKNIG,-1
VILVLDKISKILKRI,1
YRSCVDEYESAIGNL,1
MELKNKKLSLWEAVS,-1
ASPEIEERPKKEQVR,-1
LGQIGLPGGGFGLSY,-1
LAESQLQTRQQIKKL,1
LDLTADAATMGKATG,-1
KKSEKALDTLNKAIV,-1
MAALAPLPPLPAQFK,-1
MGSSHHHHHHSQDPL,-1
QGRAFGNLGNTHYLL,1
IEVKLANMEAEINTL,1
VLGKPQTDPTLEWFL,-1
LSCKIEQYYEAILAL,1
AHEIFDFVRVFGLVI,1
AYVIQCQAEAQEVTI,1
MNMKVSAALDGADTC,1
ARAAKVAAEVIKVAI,1
ARMLLHRCYKSIANL,1
RDLLKDILESEEEHI,1
ADEEVLLQLVRDELT,-1
NGEKITSLHREVEKV,1
VDEGIARGDFSLVLK,-1
GSHMLITASSSKEYL,-1
YKDQHFTMFETDAEL,-1
KITLEQKKKALDEQV,1
ETELKLICCDILDVL,-1
IDSSDLIPNFMMRDP,-1
RLLNHFHHPNILGLR,-1
LFLEGAPNLQDLGKL,-1
AILDEKKSELLQRIT,1
ETKHPELITPDSPTQ,-1
VVGELARARLALDER,1
MALWYTEMQRNLQRF,1
VFHCLNEILDLCHSF,1
MAAAYKEAFAAVKEL,-1
IEKLQTKVLELQRKL,1
YISKARNLDDVVKVL,-1
MMKSRTRRLSLSTLF,-1
MRSYEQMETDGERQN,-1
MTLPIGGGDMPVAIS,-1
GVDTHWFHRNPLKAT,-1
HQLMLDYLEPGKTYG,-1
KRKLHTKDTKSSWGS,-1
IDALERKKLQLEIER,1
EDWVKTQIQVNQLAM,1
YGYNLSIIPYFAGEL,1
NDSKTRKTTSETVRA,-1
REMAKELSEIMHEQL,-1
KLADILKANISLETL,1
LAVLERKITMAKAYL,1
NQRGGRIFLQDIKKP,-1
HLEQLLMDLQELLSR,1
IQCVAARTRELDAQL,1
GLSLLWNDATASIVL,-1
LMALHIHGSSNPLGI,-1
EEELKARIELWEQEH,-1
VGKKLHEYNTQFQEK,1
GARNSVLRGKKADEL,-1
AFLDVTDRIVRTLHD,-1
ESYNEWALNVNEALE,-1
KNEGPQRKNKASPQS,-1
PDAMKAAIVLEKSLN,1
GAMEGILDFSNDLDI,-1
LETITIDAIRTHRRL,1
SAQMARRLQVTSEKV,1
VPLLNTSVLLASGVS,1
ITQIDNALKDINTAR,1
SAVLSSLAGWISPGG,-1
GETKGPGPTVKPSGH,-1
VVNIQKEIDRLNEVA,1
IEYDALLVDRFLNIL,-1
LQGIEFWSNVCDEEM,1
LHALATVVAQNKADI,1
QSRALSVEFPEMMSE,-1
KDDANIHAIQRAAVL,-1
QLLEADISAHEDRLK,-1
MVRQARILAQATSDL,1
YDKLKSRISEIIDSR,1
LRHKLTVMYSQINGA,1
FSENAPQMCKSNQNY,-1
VYLETETLVTREAVT,-1
LFLATVDCLLVAITT,1
WDQWSNDWNAWRSDW,1
VRELLLDALSPEQLV,-1
IVQQQNNLLRAIEAQ,1
MATALAVVMVMWLFV,1
KSALGTLNEQDLLAL,-1
ELICQENEGENDPVL,-1
KRLGLPENGMGEYLF,-1
VAGLEKQLAIELKVK,1
AKLGIHSNDTRDAWV,-1
MHHHHHHPPMLSGLL,-1
FKQLVEDLDRILTLT,1
GPLGSPEFMALAVAP,-1
VKELLLSTLSPEQLV,-1
EENLYFQGSFTDGQY,-1
INRQINLELYASYVY,1
YLEDRRLVHRDLAAR,-1
LSEMEIPESYIDSLP,-1
MEEIVEGCTGALHIL,1
NNYKNPKLTRMLTFK,-1
FIYTSFQERATFISH,1
QVKAIKELGDHVTNL,1
LDLYAPTQILGKGRS,-1
KLKEVEAAKKAHHAA,1
QEALTGECKELEKKN,1
RHLLASGVSEISAES,-1
QAENQIKEVEATLME,1
QAQVDEVVDIMRVNV,1
HYLVPFIIAAMVIMH,1
FAAARYANYLEQQPD,-1
DTYRASKSGFKASEY,1
VYRLTVIIDDRYESL,1
LAGIVQQQQQLLDVV,1
PDAMKAAIVLEKSLN,1
LNKILGNELIAINQY,1
LNTLLTGELAARDQY,1
KRKAMTKKKELTLLG,-1
SPFKPRNYQLELALP,-1
VGAQLKVYHQQYQDK,1
KDSMVESLTETIGIL,1
QVMLEDMARKYAILA,1
GNFTDAMFDLSVLSL,-1
LYNAKQELANARYNY,1
HQAQTDLLQEYASGT,-1
MMFGRFTERAQKVLA,-1
KKEWLSTIETLIKSS,-1
VPTCNAMSRKLDKLT,-1
IEVKLANMEAEINTL,1
LVSLRSYHLQIVTKY,-1
RMHIFSMNMKSRFDI,-1
KEVLESDLAAEREAR,1
VLKKLRAVENELHYN,1
TFRQMEQELAIFAAH,1
LFLYTSHLRKYNDAL,1
FDKVSNKMRLQGMKM,1
AAVWLSAFDRHAARL,1
YAKALEYHHHDLTLA,1
TNKITTSISHVESLL,1
LRRSLKVAMESLEEA,1
SGVEGAAFQSRLPHD,-1
EAKASGNLGNTLKVL,1
ELIVRCAMMRKESRG,-1
RGALSALREEHREKL,-1
FETAYKKLSELKKTI,1
LGKNPLNRCYVVGYS,-1
ANGIDRAVRATAYAS,-1
FSDPDFQYLAVDRKK,-1
MPSDILVVAALGRPF,-1
IEAEIAKLTEEIAKL,1
MNNPNPVATYALRLG,-1
ASKPSERGLVRQEEA,-1
YLEKKNFIHRDLAAR,-1
AGEVERDLDKADSMI,1
MNEQYSALRSNVSML,-1
AKTLDGEIRIMHVCG,-1
CAIRHPCHNNLMNQI,-1
AITYYKKAIEVLSQI,1
IAKSGISSQQQSMRL,-1
REFLGCWIITKSFPT,-1
LSSVDKSIELKKQKK,1
LTNDFSEKSSYFQSQ,-1
SNGRRAHAELDGTLQ,-1
LEALQTALKLQKSVN,1
CLDTIAENQAKNEHL,1
FLHQSHEEREHAEKL,1
MGSHQEYIKKVTDEL,-1
IDMLQKKLVEVEDEK,1
VNEQINVEYNVSYVY,1
MEEIVEGCTGALHIL,1
LKAFEAAYEHEKFIS,1
RKMGAPESGLAEYLF,-1
NDVEFHESIDEMKHA,1
IVKTQEELKELLNKM,1
NTKYNKEFLLYLAGF,-1
YLAGLHFVHRDLATR,-1
LTAQLRRAAVSIPSN,1
IHTDLGALEKSVSAL,1
LEDLRQQLQQAEEAL,1
LTVMVHQAAFNMTIE,-1
SSASVVGLKPYVENI,-1
AIQAVRAMDDIDKTI,1
LTLTYAARSRVRAAL,1
LNKLLGNELVAINQY,1
FMNNKFGIKTMLETE,-1
MRFNVVRESEARLQV,1
QRIDVKDTKEALDKI,-1
YLEDRRLVHRDLAAR,-1
FAELQDLARQLHARV,1
LGQLSGQVRLLLGAL,1
GSAAQGTVRKAGALA,-1
QVKAIKELGDHVTNL,1
PLVVSILRAIQVMIK,1
QALLDLHALGSAQAD,-1
IQRLNWMLWVIDECF,1
ARINQAKVLLMQRHG,-1
QTRTILSVKLAELIN,1
IDWTDGIAREVQDIV,-1
DALSPEQLVLTLLEA,-1
ARDVHNRIVIRGLNT,-1
MSAQAAKVSKKELNS,-1
LILNAVSEVELLNLA,-1
GAMGEAPNQALLRQL,-1
AIVGFMPNYLGHPDN,-1
KHRDLTALCKEYDEL,1
SVVLQFYQPKVQQFL,-1
QDMFIVHTIEEIEGL,-1
LQAEIDDTVGIMRDN,1
QEMLQCDLNLELKAT,1
LSQTTYALIEAITEY,1
SIIFLWLSGMYFHGA,1
EQRGGRIFLQDIQKA,-1
THWFHRNPLKATAPV,-1
VVVLQEEEAELREKI,1
HNGLNLKLANLQDML,1
NMKVSAALDGADTCL,1
MVSQVRQNYHSDCEA,-1
LKDILESEEEHIDYL,1
YNYLVNFAKALSLAA,1
CTRVLLISSVMLVMI,1
LRYLQREDPERYRAL,-1
LQKIDAALAQVDTLR,1
LRRQVDQLTNDKARV,1
LEAMQAALQLEKTVN,1
KSIYELAALAEEEKD,-1
LNRLAEAKITLSQQL,1
VAEDLYDKDFIANYT,-1
FNFLQWYVSEQHEEE,1
MGHHHHHHEFMLKND,-1
VKAHATGAGPAGRYD,-1
YYKQIKDMEREGDRL,1
MSQQDQVVKEDSVEA,-1
NSALEAKLLDEIKQS,-1
TKVERAALNQPILTT,-1
MPPREVHVQVTHSMP,-1
RAHLESAGGQLTHEG,-1
YEHAVSSYTQMYQDF,1
DELYRSCLARFGDDG,-1
ESALEYAQQALEKAQ,1
EQTYYDLVKAFMAEI,-1
KYNELSFCISDFRKD,1
MTTASTSQVRQNYDQ,-1
YENLMKGSRNHMRAF,1
LAKGRRAEDGSVIDY,-1
DGIEAEGDAKVQRKA,-1
YNVFFILQCAMCRDH,-1
FDKAINGHEQKIAAL,1
IQTCSGNIQRISQAT,1
MDYYDSSLETAIDHD,-1
LFGLNNLKSILEDIE,1
SGTSEQTKAVVDGGA,-1
ARFGLIQSMKELDSG,-1
AKYFLHQSHEEREHA,1
EAQTLQQYRVELAEK,1
YYKAREMGFKHINHQ,-1
CTYATALNVASLSVA,1
RKPPKGMFLSQEDVE,-1
LRIRKTQHSTLSRKF,1
EVKLIKKMGDHLTNI,1
AVKGLLQFQGIEKRG,-1
MTKFKLLLAGSLVAI,-1
YGAPEPNVPSREALA,-1
CDLPQTHSLGSRRTL,-1
LSDLSIQIYQQLIKI,1
LQREHHDIKAKLANL,1
TSMLARELITELIEL,1
YRQLDQTTQRFNVGL,-1
LERKVESLQEEIAFL,1
NDVIGFFNEREADLK,-1
VKQVFNFNAGPSALP,-1
IDRVPQYRRPDPGAE,-1
VFTILLQQYENNEQS,1
MDKNELVQKAKLAEQ,-1
RMVGFTHYNREEMLI,-1
AKAAFDKAAARLRAA,1
YSTEVEAAVNRLVNL,-1
IPRLVQLLVRAHQDT,1
AEKLYAKAEALCKEY,1
SKDLSDQVAGLAKEA,1
IIKLENSIRELHDMF,1
INRQINLELYASYVY,1
HDLLRVTKQALQDVI,1
VDKQFVTLTELHNKI,-1
MLENVSRVRAMCTEI,1
THFGVKYELWQPECE,-1
TNVNAQFQRGMAACQ,-1
IEELYGEFARMEEAC,1
NSKTIKNLCGIALVI,1
WKEVADQNQRALGDA,1
LYREVALIRAQLQKI,1
ASVQPSRDRKEKITD,-1
QGELENYVSDGYKTA,-1
LQMSAWLLTQSLDST,-1
MAPEEDAGGEVLGGS,-1
LFLYTSHLRKYNDAL,1
VQDDTKTLIKTIVTR,1
DYKDDDDATSTSESD,-1
LSFIYNSQSAVQIPI,-1
LGTLQARLDRLLRRL,1
ARLFEATAAAELIHI,1
INRQINLELYASYVY,1
FLHQSHEERCHAEKL,1
EKLLAELEGKLRVFE,1
VDEACLLLAEYNGRL,1
AERLLGSFNIVMVVE,-1
QCERARRLQAKMMTN,1
KTDIETQLEAYFSVL,1
LKEKIERLQQIEKYI,1
MSLDLPEGHPLKTLY,-1
LESFIKRVKKMFDTR,1
GASAPMVKIYTKNGD,-1
TMQIETLRSEVNRLI,1
MRGSHHHHHHGSACE,-1
GPLSSPADSYNEGVK,-1
ADQASSDAQTANAKA,1
FETAYKKLSELKKTI,1
VAAEVAKLLDLKKQL,1
AERLLLIATGKRTLL,1
HQDRVEQIAAIAQEL,1
MEEIVEGCTGALHIL,1
EGADSYLWAGPTAVE,-1
LNAMECALHLEKSVN,1
KSYASTPELRKTWLD,-1
VYDHTIQIADTVETF,1
NLYRQDKCLLAEVLL,-1
RFNKILKAVMLRPNS,-1
QQDELFDLLDQMDVE,1
HAYIEACARSAAAVF,1
ISMDVNKSAQLLDIL,1
KMIYEQKIAELQRQL,1
IAALAYETANFYQKA,1
KRNLVELRKTIWPLR,1
DDAVKLGATEAAVLM,-1
INRQINLELYASYVY,1
VSKRFRSISKNMQNT,1
LFFPILSDALSTEWV,-1
TIKMEALIHKLSLEM,1
DEYYAHFRVSNNLLE,-1
YNTQFQEKSREYDRL,1
GIVNENLVERFSQEV,-1
VSMSAGACLQLFAQN,1
RKYLHLKMCFYTAYA,1
VRLLKSQTRSLLQKI,1
MTYPLLTRKTLMKKT,-1
LNAMEAALHLEKNVN,1
IDALERKKLQLEIER,1
SEVSDTNLYSPFKPR,-1
REWYSIHFPELDKLI,-1
MKAERKRMRNRIAAS,-1
SASNDITINKINYDF,-1
SLMALSRGLPRELAE,-1
LQSIEGMIKEAAAEV,1
LAYGNQESKLIILAS,-1
YESVEPIAELFSDLD,-1
MTSFTIPGLSDKKAS,-1
LSRALSQLAEVEEKI,1
LTFAAKFPESKEALT,-1
IAQARKLVEQLKMEA,1
VEVYLYLSSLYQVGL,1
LRLLKSEIKKLEQKI,1
WEQNLEQFQMDLFRF,1
QDTLKKKNTEDSTAK,-1
FTAAKTEAEKTIWML,1
QRRTSMGGTQQQFVE,-1
GGGGGGMKLFKELEE,-1
LNQIQKEVSEILSDQ,1
LPKLEAEVEALSEKL,1
MVINMVDVIKFKEPE,-1
FEDKVRTSSIISDLC,1
LKAFTHTAQYDEAIS,1
RRAVEEAIEEAKKQG,-1
KQYSGEEGFMKHNTS,-1
MLDQLNDLQSKERML,1
HAALSTEVVHLRQRT,1
PLIDEKLEDIDRKHS,1
VRGIDTLQKKVASIL,1
VPIRQLALFKEMQSV,1
IANTILDLYNIRRNL,1
SLDNLDKDVKSVEQR,1
KAAMPRIYELAAGGT,-1
FAAVELRLRNYYYDV,1
GLVTMGWLDATVLYD,-1
KEASEVKPPRDITAE,-1
IYGKFLGLRAYIRKQ,-1
ISHGNTARQAKEHGD,-1
SDQLVSVIQDMEKIS,1
LLAIHTTLEQHVWML,1
FYTQLDALQSKIDMQ,1
IRYLQEIYNSNNQKI,1
ALALALHGALVLSAA,-1
PITKEEKQKVIQEFA,-1
LHAMECALLLEKNVN,1
QALLDLHAVAADKSD,-1
MKYQNKRGGRVVLQD,-1
IIQYQESLRIQAQFA,-1
AEIIATRLGHLIDTL,1
FATIAPYTLEETYEV,1
MSHHHHHHSMGMDEY,-1
NEGKVKEAQAAAEQL,-1
LKQEVDELRQQVSAN,1
ALLSFERKYRVPGGT,-1
NEGKVKEAQAAAEQL,-1
LTQEMTAANKERRTL,1
AGDIQGAKDLLIKSQ,-1
LMSTSYHLNSTLESL,1
QRLVGSQAGLGEYLF,-1
ESAKEIYRINDEKFQ,-1
IDSLPGVDVSAEEQL,-1
AFKTRNVPANFNEAK,-1
NSAILKELVTLRAQK,1
EASTYDGVFIWKISD,-1
RNILHESEIDKRVQY,-1
FPQAMKNLRLAFDIM,1
LLQRCESLEKKTATF,1
SRLLEPTSPQFVQML,-1
TFERVEQMSIQIKEV,1
RALTLQEKAAGIQDV,1
KNKLMENQIIRFSPY,-1
LRDHIDYWKHMRLEC,1
RDPQRYLVIQGDERM,-1
GGSKVQQYRLDELAH,-1
ASKPSERGLVRQEEA,-1
SENISTLKKTLESDC,1
SGDWQQQVADIEVQL,-1
AITNYKKAIEVLAQL,1
AAMMSSADSFSKHAH,-1
QAFKLRETQARRTEA,1
VTRVLLISSVMLVMI,1
GLIRAVEKFEYKRRF,-1
MTAQIKGLTQAQRNA,1
FEIGPGPIPWFIVAE,-1
DQQTLILNTATAYFN,-1
QQEYKKQMLTAAHAL,1
QRATLVHVFEMRAGL,-1
GSADYKSKKNHCKQL,-1
QVKDIKRIGDFITNL,1
VGILVAQIFGLEFIL,-1
IPALNNLLTYLQDKS,1
HWKCIRLESVLLHKA,1
DDRLNKVRSLLDVWI,1
AGKIHAFRDQFKQLE,1
VSTLYKILTNGFWKI,-1
EKNPKGVVQGEDGPK,-1
VEELRMERDNLKQEV,1
GSMIANDYDSYQYLV,-1
NRIQIMSTIAKIYRA,1
MGHHHHHHMAGVSEY,-1
MTTASTSQVRQNYHQ,-1
WTISCLEFANGENAN,-1
SLSGAMQVSDENSGA,-1
AADEDIDAGLQESFG,-1
MTKQEKTALNMARFI,-1
IEAEYNELLNYISEL,1
QVKAIKELGDHVTNL,1
MKSNHMRGRSITNDS,-1
MSHPSPQAKPSNPSN,-1
LENPTNLEGKLADAE,-1
YGDVANLVRKSIKDA,1
QALLDLHKLATDKVD,-1
EVKLIKKMGDHLTNI,1
FSGYVQQVKYAMTRI,1
MNEAVIEKLLENSRK,-1
CCLWIQDLCMDLQNL,1
FAAARYANYLEQQPD,-1
VEFLNRWITFAQSII,1
SHELRTPLTAIKAYA,1
LIREYVRYLVLKLDF,1
VLSLFQSINGMHPQL,1
RDPQRYLVIQGDERM,-1
SHHEKDTRCLGATAQ,-1
FQAERHAREKLVEKK,1
MATALAVVMVMWLFV,1
KDALTKMRAAALDAQ,1
MDIDPYKEFGATVEL,-1
MQQKSDNVVSHYVFE,-1
MQELNNEINMQQTVI,1
CTTVLELLDKYLIAN,-1
YEKAIDYHLKHLAIA,1
VEFLNRWITFCQSII,1
ILNMARFIRSQALTI,1
ANLPTIFGSKLDKLV,-1
VKRQIQNIKQTNSAL,1
YNYIYDRNGRVELDE,-1
MAKVQLSPKEITLFR,-1
MANKQQNFNTGIKDF,-1
LASLKSEAESLKGKL,1
LTGEPPFTGDSPVSV,-1
RVRKLLDAGGLDSED,-1
NDVEYHESIDEMKHA,1
AQSTEAYLKGLQDSI,1
KHRDLTALCKEYDEL,1
NSIFDNLVKVLSSTI,-1
SWKSILNSLYELLAA,1
KEASEVKPPRDITAE,-1
DAQLKRMAQDLKEVI,-1
ALAREAALSKIGELA,-1
YLEKKNFIHRDLAAR,-1
VLALQASLRKAQMQN,1
LAFIHMEQAAAQLGI,1
SNSDVYAQEKQDFVQ,-1
IEYQNQRGGRVFLQS,-1
LEAMQAALQLEKTVN,1
RKKMRNNAAYLKQSF,-1
LNKILGNELIAINQY,1
LSIHYRITLQVLLTF,1
YLKQGKYQDAETLYK,-1
APQMLRELQETNAAL,1
YLEDRRLVHRDLAAR,-1
AREVFDALKNYAVEH,1
IKRGINDRNFWRGEN,-1
LNGVKNYESPRMLTF,-1
VMESFAVQNQNIDAQ,1
VPVLKAQADIYKADF,1
QAQVDEVVDIMRVNV,1
IADLQARIQTSQGAI,1
MKEVAPNVTALVGPA,-1
LYDAKQQLANARYTY,1
GAMKDEWTGLVEQAD,-1
SDRVVALEVAVNGGT,-1
LLQQIHNITSFIRQA,1
GSMGGEVQNMLEGVG,-1
KHRDLTALCKEYDEL,1
RSYHNLLKEVKRRKE,-1
VEEVKRKHSAILASP,-1
EAQCQEPCKDTVQIH,-1
LRKLLKSLLLNYLEL,1
LIETFAEQSRVLEKE,1
ANANIGAARAAFFPS,-1
LQMLDIQASQLRRME,1
VNKQSCSISNIETVI,1
GSTMSLSRSEEMHRL,-1
GSRFSDDQLVSMSVR,-1
GLLEEALFYGTRTME,-1
LDAMKAAIVLEKSLN,1
ASQFRRINYEWVPRA,-1
EKALQVFHQIHDHVN,-1
KNNPDPTIYPVLDWN,-1
GAASGAKSLFSTAFS,-1
KHRDLTALCKEYDEL,1
QESGATLIRDRLKTE,-1
VASTRNTLKMAQDAE,1
LSEIETRHSEIIKLE,1
YLHAQHYIHRDLAAR,-1
EYHESIDEMKHADKL,1
GSHPVSSLTMLNDTL,-1
AQALDAMEASLLALQ,1
LNHQVNFEAASAHLY,1
IIKLENSIRELHDMF,1
IAQARKLVEQLKMEA,1
SRTEIEGTQKLLNKD,1
MHHHHHHSSGVDLGT,-1
RDMMIEILRDEEGHI,1
LKEFKAGFLCPDLSD,-1
FRKAAEKALELAKRL,1
LGALDVVYTGVVEGM,1
GKERFVKLLDQLHNS,-1
GSHMASGEAPNQALL,-1
LQREHHDIKAKLANL,1
ASKYEDALKKLEAEM,1
TSLAVQPDLRANLSA,-1
VVLLYMATQISSAME,1
LEERSRELQKEVDQR,1
FETVSFWLSNTCRFL,1
LNAMECALHLEKNVN,1
GDLMTLATWVGTNLE,-1
LDAMKAAIVLEKSLN,1
LHAMELALSLEKLTN,1
LASVEQHINSHRGIH,1
IVDYERKIQRIQQRV,1
TQYNLRKAKDRAHIL,1
TERSVPHLQKVFDRY,-1
IVQQQNNLLRAIEAQ,1
ADDQHKTIFDMVNKL,1
YLASQKCIHRDLAAR,-1
VEFLNRWITFCQSII,1
MVNNQTMQLIKNVQD,1
LIGSVDDLLPSLPSS,-1
LRLDAIIADGDVKLM,-1
IDEYQILARHLQKEA,1
LDDVLKEKYKLHSDY,1
MRKNLFAKRAVAFLL,-1
AGSDEVNRNECKTVV,-1
VISFVPPPLDQEEME,-1
ALALALHGALVLSAA,-1
TEQKTLCTELTVTDI,-1
SHHEKDTRCLGATAQ,-1
IVTKLQMEAGLCEEQ,1
LMRGELTNDVSSLLQ,-1
RQILSDVAIRIYHQF,1
AAAAAAMTMMDMNFK,-1
PDAMKAAIVLEKSLN,1
RILRLSCLDFVMVCL,1
SQQLNTLQQQQESAK,-1
MRGSHHHHHHGSMVL,-1
MHKLLTKGIGHSRFK,-1
MTTVMKFGGTSVGSG,-1
MIKRYDVAEISKIWA,-1
SRRIESVRKALAALA,1
RRDLKSAKADAKVMK,-1
EDEKALRETVRKLGV,-1
IAALAYETANFYQKA,1
EQKTLCTELTVTDIF,-1
CRKVLARSKQVLRQL,1
VEFLNRWITFCQSII,1
QLQKDELHANEFYQV,-1
EARLKRKLIRLFGRL,1
LANVRELYSFVVFAL,1
LEEKVTRMESSVDLL,1
FLHQSHEEREHAEKL,1
VNEQINVEYNVSYVY,1
GHMMKNRIFVSSSKD,-1
NDLVDTALREKDYST,-1
EARLKRKLIRLFGRL,1
RDGYAERDDGEAEGF,-1
VPVLKAQADIYKADF,1
CCLWIQDLCMDLQNL,1
EVKLIKKMGDHLTNI,1
NIDRIKVSKAAADLM,-1
IQRKKIARDNGPGHN,-1
IETLTANAIRLHRQL,1
LLALREKISALDEKL,1
IKEEIRRQEFLLNCL,1
NNQKIVNLKEKVAQL,1
MEGILDFSNDLDIAL,-1
REWNNESNLLELQMI,-1
KTVLEEKQEERLTWE,-1
LKMCIQRLRYAQEKQ,1
EVKLIKKMGDHLTNI,1
IQSEVAKNQMLIEEE,1
MDDKDKAKRVSRNKS,-1
YEMLQQSFNLFYTEH,1
LDAMKAAIVLEKSLN,1
LASIDSALSKVDAVR,1
QGRAFGNLGNTHYLL,1
SIDEMKHADRYIERI,1
EKALQVFHQIHDHVN,-1
AKYFLHQSHEEREHA,1
NNQKIVNLKEKVAQL,1
DGVRGVLDRLMQRKD,-1
QVSASTKALQSFALQ,1
IVQQQNNLLRAIEAQ,1
LRDKAKELWDWLYQL,1
IPILEGISTDLKRIA,1
EIAERHGGKLRENPV,-1
LRQQVEALQGQVQHL,1
WKEVDMKIKGLLDKL,1
CYFTLPFGESQVAIC,-1
WAEEWKHLDHLLNCI,1
NSTAISNLKSDISSN,1
VVLLYMATQISSAME,1
LEHLRAKMQRMEEAI,1
LEKEVRNLQEQLITA,1
GSFTFSPGQDIQLIP,-1
HENEISHHAKEIERL,1
AEGNLEAEVPHQNRA,-1
FVPYLIWATATTGLN,1
YIATRENCCILDERF,-1
QEVIADKQMSVKEDL,1
TQRTFPGCTIRNTPS,-1
MLQATAEANNLAAVA,1
GSHMANLDRTDDLVY,-1
ASQMTTFFDLALQDN,1
IEGILANGLYLTIKE,-1
VLKGLNKIDIDRRNL,-1
LLMVKDVIIGRMQTV,1
MWQQAIGDALGITAR,-1
RARRTPSQQAHVTNV,-1
LEELEKERSLLLADL,1
GDADVLVKWSEDLAN,-1
SGLASLHLVHDWNRE,-1
INQLKSKLTYVYCVY,1
MRGSHHHHHHTDQFT,-1
IYWAFVGNRYSRELF,-1
FEMLSFWLSNTCHFL,1
VPLCKQALEDLEKTS,-1
GAMGSMKPYLFDLKL,-1
TSMGADFYPQLGHIY,-1
VPLLNTSVLLASGVS,1
VAEELYDVLYYVCAL,1
LEERVSAAEDEINEI,1
MKVRAQVPTVKNATN,-1
EFIEQVYITDLLAVA,-1
IKDPKEREFLFNAIE,-1
QAGASQFETSAAKLK,-1
LFLEGLPNLQDLGKL,-1
IDRLYQLRKKLEDYI,1
QYKVDSLEEDFRSNN,-1
IDMLQKKLVEVEDEK,1
FGHCIGMSYQIIDDI,1
LEAMQAALQLEKTVN,1
AEEKVKDTEGAKQIV,-1
IEQLEEALDKLTTVV,1
ETTRFYCDYDDLMLS,-1
SVACLSCRKRHIKCP,-1
LLSTNKAVVSLSNGV,1
MELKNKKLSLWEAVS,-1
GSRQELQPWQRATYD,-1
ERVRATLPRLGELAI,-1
TLVHVFECRAGLKPE,-1
SFNNINASISSINAY,1
AEGVLQPMIVSAMLE,-1
SVETIKKLGDHITSL,1
QELFKRISEQFTAMF,1
YEYVESRMSFIAPNL,-1
HYLLPFVIAALVAIH,1
FMNNKFGIKTMLETE,-1
GETKGPGPTVKPSGH,-1
GDQASWSHPQFEKGA,-1
DSSGLSAEELWPYFK,-1
QDGVHNITKLIKMSE,-1
GGGRMSDMEDDFMCD,-1
MFLTAEDSFELGKVA,-1
EEVAKAIYDRRMNSI,-1
LNDEINKLLREKGHW,1
EWFPELILYSQTLTL,1
SEQLQRELKELALEE,1
INRQINLELYASYVY,1
LHAMELALSLEKLTN,1
QGGELPNPKRLLAFA,-1
SADSASTVMGTMSQH,-1
INNYAKQIANLNDQI,1
CTMIPQYEQPKVEVA,-1
GELAANNEGTLAYID,-1
QVCAIKCLGDHVTNL,1
RQVLSDLAIQIYQQL,1
LNEQMNLELYSSLLY,1
AIHEIKQNGNRYKIE,-1
QVCQSSRGIPNTVEK,-1
LQREHHDIKAKLANL,1
KSVQQAIVDESFHTY,1
VSGSIGVLKNMSQRI,1
LHSALFTFDLIESVL,1
LKDVQDELRIKENEL,1
TFLEIGMIIGLAFQV,1
GPMRPREAASPSSPV,-1
HRQIQNQLEEMLKSF,-1
MNTLPEHSCDVLIIG,-1
TRLAAIGWTDTARKA,1
GPHMLEIPKDRRENL,-1
VNLKFYSSYVYLSMA,1
VAEELYDVLYYVCAL,1
APADNAADARPVDVS,-1
AQLLLFAQQICEGMA,1
NSSMYPLVTATQDDS,-1
MGSSHHHHHHSQDPM,-1
MGSSHHHHHHSSGLV,-1
ALALALHGALVLSAA,-1
MFTRRGDQGETDLAN,-1
IISLSQAATKIHQAQ,1
FDEAIVCCQRHLDIS,1
RETLQAWKERVGQEL,1
DLLILLLAMPVELYN,-1
GPLGSMEELEQGLLM,-1
MHHHHHHSSGVDLGT,-1
MIKSFYTASLLIDVI,1
EKMFEAMGGKELDAE,-1
NNNPVSWVQTFGAEG,-1
EAATKLDLARAYIDM,1
QVEEEDQVREILDLL,1
IIKLENSIRELHDMF,1
RFSNYEAWLNDPTHI,-1
IDPQVDQVRDMADDV,1
DKNFLFFLLVFSVFV,1
NSYGEPVDDKSATLL,-1
NSFYGYVMRKGSRWY,-1
EQELLEGSSGGQLLS,-1
VYLETETLVTREAVT,-1
YLEDRRLVHRDLAAR,-1
LEAMQAALQLEKTVN,1
IKVLDDGITKLNEAQ,1
YLEDRRLVHRDLAAR,-1
LRAKVEFDKGKKEPS,-1
AQTANAKADQASNDA,1
TVPYFRDVYDHTIQI,1
MTKFSGNELRAELYR,-1
NADNYKNVINRTGAP,-1
MALQNEKNSRYLLRD,-1
LRALTLGLAKRVWSL,1
RTIQEFGTVKQFPVA,-1
YEMLKRDAGRLEDAK,1
EKMFEAMGGKELDAE,-1
EVKLIKKMGDHLTNI,1
MATQSDLMELEMAMD,-1
LTLIDPETLLPRLKG,-1
LSKRLLDTTRKASRL,1
GGSGERKISRIHLVS,-1
SGMKETAAAKFERQH,-1
KDAFEAALKHEEFVT,1
KEEAKNYYKQGIGHL,1
GSHMASMTGGQQMGR,-1
IVQQQNNLLRAIEAQ,1
INRQINLELYASYVY,1
RDQLEEEQLHLNIGL,1
MKKEVRKVRIALASP,-1
GSASKSISDISFEVD,-1
KQLQARILSGGRGGW,-1
LEQLCTGLQQQLDHL,1
WKKIVKTQEELKELL,1
IKEARYHLRFSRGWL,1
VQNTSTIAVANVTHI,-1
GKFEAAETLEEAAMR,-1
KLTHLKDLIAWQIPF,1
MEVCLPNGHQVVDLI,-1
VYIQYMKFARRAEGI,1
WAKKMKELEAAKKAY,1
NNQKIVNLKEKVAQL,1
ISTLLDLHYKQFLLL,1
AFFAIDGQTETFLTV,1
ARDVHNRIVIRGLNT,-1
ISTLLDLHYKQFLLL,1
EVKLIKKMGDHLTNI,1
CHPFKAKTLMSRSRT,-1
MLEYISSLPKQPISE,-1
DSGLEALKQTLSSQE,-1
KQYSGDEGFMTQNTA,-1
LEGLQSENHHLRMKI,1
KRVRDDLRFRGVKGT,-1
LEEEVRMISSSLLFI,-1
GDADVLVKWSEDLAN,-1
QGQLETTLKELQTLR,1
ATLDSWLSNEATVAR,-1
DDNGIVLLGERAAKC,-1
NSPKGELNYDFFEAL,-1
VHFNDTLAALATIFI,1
PCKAAGVCLMLLATC,1
ESANLNLETMRAMQE,-1
LENLMEMLMNQLVKL,1
MNKHVLKIQKELEEA,1
QLNRELYSAYLYFAM,1
AFDQRMKTWQRWQDA,1
IGFFIYGFAGQFAVN,-1
KCQLQSQVEQLKLEV,1
TVPWFPRTIQELDRF,-1
KDQHFTMFETDAELF,-1
LRQQVEALQGQVQHL,1
VGMLIYLAMMATAFM,1
EEIVSIALKILMRKS,1
ESSRSAMMYIQELRS,-1
KHVKDEQIEHWKKIV,1
AHGISDIPEEAVYTN,-1
ISEEMAKLKQKTEQL,1
TEVLWPAVPNGTDAA,-1
IEVKLANMEAEINTL,1
MNGPIIMTREERMKI,-1
LSEINEKMKAFSKDS,1
KYPYEYHHFQSDRRI,-1
TGILMLIVALIGAVG,1
VPVLKAQADIYKADF,1
MWGVIEGAVSALHQL,1
KSLPCPVASLSQLHG,-1
IAEIHESRTKLEQDL,1
ESSRSAMMYIQELRS,-1
FAEIHQAFETMFQES,1
ENYRNLKLPRMLTFK,-1
AELALKRAMNRLSVA,1
QQSNLLRAIEAQQHL,1
RLKDLVELQGILEKY,1
VNERIDEFVSKAFFA,1
DQYLMWLTQKGVRQK,-1
SFKILAYLCQKFLDL,1
YGQRADYASWLAQWL,-1
KIEKDKNLVIMNKLL,1
LKDILESEEEHIDYL,1
LEAMQAALQLEKTVN,1
FLHQSREETEHAEKL,1
DLIARAQQSDGYLDT,-1
SAVLSSLAGWISPGG,-1
NSLKPDLMQLRKIRD,-1
SSMYAFFDRDDVALH,-1
YLEDRRLVHRDLAAR,-1
SNVAELLHQVSMGMK,1
MEPIDIARLEEAVVS,-1
VEAAKGAAAHPDSEE,-1
MLEEIMKYEASILTH,-1
MAFRKSNVYLSLVNS,-1
LIKSISVCQKELNTL,1
RKMGAPESGLAEYLF,-1
PEELERIAGNFKNAA,1
ARDIHNRIVIRGLNT,-1
FADAQNTALFKAIEA,1
FRDVYDHTIQIADTV,1
VEAATQEVERAAGDL,1
GKRSERQQADMEMMK,-1
RGNIRVFCRIRPPLE,-1
GRENREDYRQIAKAY,-1
YVEQQSVQNNAIRDW,1
LLRQRQELQARIEGE,1
HALFPGGKYCGHMYQ,-1
KTKFPAEQYYRFHEH,-1
LDHLQRAREHFVHFL,1
AAASYLSMFFGFGLT,-1
AKERYDIGEMSLQDY,-1
TLVHVFEMRAGLKPE,-1
AATIVSHVTEDGYIP,-1
ADQEDATIEAYSQFL,1
RKNELAAAEQEYLRL,1
ITDEEGHVDFLETQI,1
LFLYTSHLRKYNDAL,1
MVTGYFIGKPLPSVS,-1
QRRTSMGGTQQQFVE,-1
LEREKKLLDKIDEAL,1
IAQLMRDTESLAKRI,1
VDKCKQDVQKTQEKY,1
LSGIVQQQNNLLRAI,1
MHHHHHHSSGVDLGT,-1
GSTSGGSTTYHCNDP,-1
QFIQSKQAMQQYIPI,1
VGVIIFILTIATAFL,1
LNHQVNFEAASAHLY,1
RGMYEFDQKEYVEAI,-1
IERLLENITVLAEAA,1
SMTVEFWSTICEEEI,1
KRNLVELAATIWPLR,1
YNHCVEHGSYVLKPG,-1
HKFIRDKYSKRFPEL,-1
SNANSIFDNLVKVLS,-1
GPHMVIRAEKMEAVT,-1
QVKSIKELGDHVHNL,1
SDGTVIDLATITKNI,-1
VNSLNEGKLVLTDSG,-1
LRKSAADRDAAFEKI,1
LKLTVEDLEKERDFY,1
GPGGDPHMMFGKKKN,-1
TLQSNHSSVATVGGS,-1
ERLLRDWNDHHHHHH,-1
WQEELMHAMKMFDFV,1
ILRLKQINIQLATKI,1
VKKVHENLEELQKKL,1
MSGAFNNDGRGISPL,-1
SWKSILNSLYELLAA,1
NICEITEVDSTLVER,-1
LGDLLKLLLTIINGL,1
KHVKDEQIEHWKKIV,1
LEHLLLDLQMILNGI,1
MASTAVMMDVDSSGV,-1
SLTMLNDTLHNIRTT,1
AKQELANARYNYLIN,1
EEGAIVMLKRHLRQQ,1
DLGGAEAIAKQNEEK,-1
SYSSYLAKADQKRGK,-1
PSSLSEQNLKYYSFL,1
MSQSGEDLHSPTYLS,-1
LENLKAAIAGETGAH,1
EAQCQEPCKDTVQIH,-1
RKELALNTAQFAKSL,1
RMHIFSMNMKSRFDI,-1
TQHKVLELTAENERL,1
WLSYRFMDMFPDASL,-1
GGSMEGILDFSNDLD,-1
AALALKKLETKLNNT,1
KTALDLLNYGNPKYL,1
SISDEVEKELGKRGT,-1
EENKQIALGTSKLNF,-1
SMGVLMVGPNFRVGK,-1
RDARKACADATLSQI,-1
FDQFSSDFQTFNAKF,1
TEVTDCKGDAESSLT,-1
EERKTYVNTTLYEKF,-1
MGDGGEGEDEVQFLR,-1
NSGVYTFLSSTLKSL,-1
AEEALVAKQELIDKL,1
TFRQMEQELAIFAAH,1
NPDFKPPADYKPPAT,-1
SRNANDGISIAQTTE,1
LLARMMASNMYFSQI,1
IIKLENSIRELHDMF,1
MDEQSQGMQGPPVPQ,-1
IVQQQNNLLRAIEAQ,1
FANFANFVMQESDEK,1
DAGLKRYLAERFQHY,1
GSTMSLSRSEEMHRL,-1
MIDQKEKELIKESWK,-1
MPIMGSSVYITVELA,-1
KGSETTFMCEYADET,-1
LNEDALKLTHEIIEL,1
NQAAGRYIRSHEAVQ,-1
ERVKATLPRLGELPI,-1
YLSQKQFIHRDLAAR,-1
MHAQMSAVNTLVGLL,1
YLEDRRLVHRDLAAR,-1
TQHKVLELTAENERL,1
MAKNRRDRNSWGGFS,-1
FENHLISEICPKTRN,-1
SFNNINASISSINAY,1
GAMGIRSGEAPNQAL,-1
SALYIFVLTAFLGYE,1
SPAGVLVDAMSQKHL,-1
MRGSHHHHHHGSMIF,-1
KGSDNTFECQFDDES,-1
TAKDTYNKKMEEICG,-1
NQRGGRIFLQDIKKP,-1
QKDVALSVLSKDLTD,-1
LGSMEELNRSKKDFE,-1
MGSSHHHHHHSQDPM,-1
RKMGAPESGLAEYLF,-1
LMERAEEFDSMKVVA,-1
GIPLTPLFSRYKDSY,-1
EKVGHMIPQGVILIL,-1
LEQHKLLVARVFSLP,-1
LQREHHDIKAKLANL,1
LKDKQDELMRQFILL,1
IDAALAQVDTLRSDL,1
YLSNRNFLHRDLAAR,-1
KDQHFTMFETDAELF,-1
WVDKMENLNHDILTT,1
VRTLQENLEQLMHEY,1
MSYVIKDLEALCDSL,1
LGDVRDKLYNTRERS,1
INNYTSLIHSLIEES,1
FRDVYDHTIQIADTV,1
LQGIEFWSNVCDEEM,1
DSPMDALRRCQVDNF,-1
MKKEKAIVVFSGGQD,-1
DDRLNKVRSLLDVWI,1
TIRLQYDNAQASEQS,1
EKLAEIDPDTTVIAF,-1
QRLVGSQAGLGEYLF,-1
TKAKSKTADLGKDDV,-1
VEDSLGGLKRRMDLL,1
VEEIRGFIDKIAENV,1
LQRMETDLQAKMKKL,1
LLDSCLDRLDIFEFL,-1
ESTASHGLSFSPPLS,-1
LSEEVERLKELINAL,1
LTEVRALLRKHEAFE,1
CYHGETLLASDKCGE,-1
GGIQMPTQQLKQSVM,-1
TKEELEELMSDIKKT,1
FRTDEIRRAQPTPQD,-1
IDELSTDIILKTRQI,1
KVENIRTILVNIHHL,1
LANFANFVMQESDEK,1
NRFIADITIAIIRLK,1
FQHMQHFVQTMQQQA,1
EKELSDICNDILKLL,-1
MKETLQNVRTRLEIL,1
ADLLQKQLSTYNDLH,1
VELLLRGSSRRLDLL,1
ANNLTVEIENELNII,1
LFLQLYPSNWNDFFA,-1
RQTLLDEESAEVRAE,1
HYLVPFIIAAMVIMH,1
IRKNVNMLKNDLNHL,1
HEKALTHLCSALEHA,1
TSMFDSNKLDPDVSQ,-1
QAKFDSCLSDLAAVS,1
LEMLRQKQQEAEKLE,1
MGSSHHHHHHSSGLV,-1
YAESIGLAFQVQDDI,1
RMDHTTPFRNSYELD,-1
LAELNRYTPRYMEDM,-1
EIASQLDESDPERQR,-1
FRDAVIAHEQRLLIA,1
IAALAYETANFYQKA,1
EAWLAEAESRVLSNR,-1
LRANIAAEAGARQTY,1
FKKAAESALEVAKRL,1
QRLVGSQAGLGEYLF,-1
ARIAIEELDRAEAII,1
DTTLKLTIDSLKMIK,1
YRHAFGIVNDYNGLL,-1
VMFLTVLSVLLYLTN,1
FEKLHEIFRGLLEDL,1
QANLVLKIIEQLPSA,1
LDELITLAQGDKASL,1
EYHESIDEMKHADKL,1
AYVEFKRRLKDLKDF,1
MTEEKKLWQKGGGWL,-1
QLLMGDIPELSFFHQ,-1
EAQCQEPCKDTVQIH,-1
AQLLLFAQQICEGMA,1
FSGYITQIEYALERI,1
YLEKKNFIHRDLAAR,-1
NIRSIEKLIQNIMRI,1
IGVILLLTVMATAFM,1
EEGAIVMLKRHLRQQ,1
VEEIRGFIDKIAENV,1
EVKLIKKMGDHLTNI,1
EHQLSEYKRQLEEDI,1
PDAMKAAIVLEKSLN,1
QKAEHLKRLRRIEGQ,1
FEDLYYDTLQLIDMS,1
KADLAAVEAKVNRST,-1
MGDGGEGEDEVQFLR,-1
MILTSVLGSGPRSGS,-1
PVDVSVSIFINKIYG,-1
RALTLQEKAAGIQDV,1
FQAERQAREKLAEKK,1
HFVLVGLAGGVALLA,1
EKKAARGLGASLQRQ,1
AELTKITRGMQNGAE,-1
TRDLLCPWYEECDNI,1
MHAQMSALNTLISIL,1
ADLEDNWETLNDNLK,-1
LNKILGNELIAINQY,1
RLESIEEKLSMILGL,1
IISEHARMKDALDYL,-1
VVLLYMATQISSAME,1
FRSEIEAAEAYLGLA,1
RDEIFKLKSIKCPNL,-1
PEEIRPKEVYLDRKL,-1
LNENLAATIDLALIT,1
RREIETRLRAANGKL,1
RREIETRLRAANGKL,1
TVFGPQITSPALTQL,-1
GFTFGKAGEILTKRL,-1
VSLTMDILRRAITAI,1
ICYCLDTTAENQAKN,1
DKQGSLEITDVSLDF,-1
IAKSGISSQQQSVRL,-1
ARTAFLPSLSLTGLL,-1
VEPLRNELQKLEDDA,1
SNLINEQDDAELATR,-1
ELAPKLFKDMFDQII,-1
LNAMECALHLEKNVN,1
IYNSNNQKIVNLKEK,1
SREKVPDLLPKVLFG,-1
MEELEQGLLMQPWAW,-1
GSGEAPNQALLRILK,-1
GSHMAAGGDHGSPDS,-1
LMGMSLALQCQVREL,1
AYVIQCQAEAQEVTI,1
QFSIDIAQASAKQTS,1
APADNAADARPVDVS,-1
NPDNHQYYYNLQRAY,-1
DRVFKNYQTPDHYTL,-1
MPICKEEKQKVIQEF,-1
GSSGSSGMSNPNPFQ,-1
YLEDRRLVHRDLAAR,-1
YEGISKFADDVAERQ,1
SAQMARRLQVTSEKL,1
LSILPDTPYRQALIN,-1
RQLIQGGVSLYEIEV,-1
FQEKSREYDRLYEEY,1
IKDLFALAVVLVVFF,1
LSHLKNAIVHLRNAY,1
IRGNRANCALFSTNL,-1
QGRAFGNLGNTHYLL,1
MKNLKGIFSALLVSF,-1
SYMTDGVLATDRSGK,-1
ATKLLHKHNGLNLKL,1
QKYGEEQVKSHKKTK,-1
VLGFIHHQIVELARD,1
LQNTLTELQALQLQT,1
YYFDRDDVALKNFAK,-1
LNKQVADWSVLFTKL,1
DQLQGILASERKMNN,-1
GSSHHHHHHSSGLVP,-1
LTKAEETKEIITMGR,-1
LEKSMAELTQLFNDM,1
YRSCVDEYESAIGNL,1
KGSETSFKCEYDDET,-1
IQETELKIRSKTENV,1
DRDRISMISELASAS,1
AGRVLFEQLESLLTH,1
FKQLLQHYREVAAAK,1
TLMLTVVAYALYTSN,1
EARAMEAKRKAEEHI,1
FGAKFANVQPHSGSQ,-1
DDDFKEMERKVDVTS,1
IEAEIAKLTEEIAKL,1
GHMDEEWIREYPPIT,-1
KDLAMADLEQKVLEM,1
KKREYKMFSSSVLFV,-1
AKYFLHQSHEEREHA,1
AIEALDDVDKVINLL,1
MIVANEVQNLSNETN,1
SECVSEMLDLEKQFS,1
TPLGPARSLPQSFLL,-1
LDEKEKQLAVANEII,1
RDMMIEILRDEEGHI,1
LAFEKSCTLFNIAVI,1
EASTYDGVFIWKISD,-1
AVVNLINYQDDAELA,-1
ALELAYGTVTGEMAN,1
LMRLSAQMARRLQVT,1
VGGRRSAWRVISSIE,1
HSLLYKKVNEAQYRS,1
LDSTVLLTRSLLADT,1
ALALALHGALVLSAA,-1
TGGTNSGQDVLEVVF,-1
NNNPVSWVQTFGAEG,-1
LEHLLLDLQMILNGI,1
KVYSLADHTRCILFM,1
SSQIRQNYSTEVEAA,-1
YESKLDAYEFLLGKF,1
KKDGLVGMAIVGGMA,-1
GPLGSEAAPEYRVIV,-1
IGARRASWRIISSIE,-1
EELGMAPALQPTQGA,-1
IQYLFGIPHTLQLDA,-1
IPRLVQLLVKAHQDA,1
RAGEQGYSVPTDAIN,-1
TSMGADFYPQLGHIY,-1
LSLLQARLSQDLARE,1
INRQINLELYASYVY,1
SGFRLLKRLPDAIFV,-1
LKQCDFMAHPDIRLV,-1
ANELKLKQDEIVATI,1
LSAAKGSKDPATGQK,-1
AERLLLIATGKRTLL,1
EFIQSKQAMQQYIAI,1
YNEATIENSTVGGGG,-1
SMDDREDLVYQAKLA,-1
EQELLEGSSGGQLLS,-1
LSYTQAQKEAIYRQL,1
TGKKSYVNEKGNPVS,-1
SAQMARRLQVLAEKV,1
GPHMKSPSAQELKEQ,-1
KYLFDKSNFSRYFTG,-1
VILWQLAKITESSST,-1
MRLAYVKNHEIYGEK,-1
SALYIFVLTCFLGYE,1
GRMIFKKAREDARTR,-1
LKYFEKNNTLKVAGS,-1
KRAHHNALERKRRDH,-1
LARQQFLVRWHIQRI,1
SHHEKDTRCLGATAQ,-1
MRRQLEMIDKLTTRE,1
QALLDLHALGSAQAD,-1
INRPIPEDLPAGLPL,-1
AKGSTNHRALTGVIF,-1
MNVTPLDELQWKSPE,-1
KEQAGKKGEEEDLVD,-1
KDAFEAALKHEEFVT,1
TLSNIERLKLEVQKY,1
ASALHVARTITRRAE,1
MIEILRDEEGHIDWL,1
MGVEDEPLLRENPRR,-1
IRALQGSLENMSKLL,1
GAMGIRSGEAPNQAL,-1
YVATRDNCCILDERF,-1
LLRQIEAQQHLLQLT,1
LQEARELLLQASRLL,1
MGSSHHHHHHSSGLV,-1
GQTHLALMNFSWAMD,-1
HWALMEELNRSKKDF,1
RVKELGHSTQQFRRV,1
AYVIQCQAEAQEVTI,1
MHHHHHHSSGLVPRG,-1
DKWEMERTDITMKHK,-1
MPDPAAHLPFFYGSI,-1
LSIHYRITLQVLLTF,1
AFMGYVLPWGQMSFW,-1
KLVDIIRINNRLKQN,1
NVYTTAAHFAEYAGE,-1
LENDNYIQIDLISDS,-1
LSLLQARLSQDLARE,1
IAQARKLVEQLKMEA,1
KDQAQLNAWGAAFRQ,-1
SRDYILSFGERLSSP,1
VNAIKADAEGESDLE,-1
NYQNTLITAFGEIRY,-1
GPGSMLSEQQYRIEH,-1
RWSVLAGHSRTVSDS,1
LENYALKMFLYADNE,1
IHKLSLEMEKQLETI,1
YAFYTSNILPRLPYT,-1
IEDLILLLEECDANI,1
AYVIQCQAEAQEVTI,1
ADLSPEEQIETRQAG,-1
VEKQCAVAKNSAAYH,1
AESIAKNPQWSPEVE,-1
ISFQVERLAGQLSAF,1
WTHMMAMHFFADRPF,-1
MSTSHVDDEDVNSIA,-1
SVKVVIEADGGSRGN,-1
ITAIPEEEGRKEAKE,-1
FKQLVEDLDRILTLT,1
AAARGQRLEESLEYQ,-1
MHHHHHHMARIRAMK,-1
ACDLPCGVYDPAQAR,-1
RIELKNRIDVMQEAL,1
LKKLEKEYELLTLQE,1
NLYRQDKCLLAEVLL,-1
AGVSHDLRTPLTRIR,1
ASKPSERGLVRQEEA,-1
GSTCEWLGRYRIITT,-1
TTAIQAQLDDLDRLN,1
KEFDHIVKIGRTHLQ,-1
VRRVQAELQHCWALQ,1
INNYTSLIHSLIEES,1
AIIVGLFALCWLPLH,-1
MATEPKAGRPSDYMP,-1
YKLEQQAMKLYREAS,1
TTASTSQVRQNYHQD,-1
RQVLSDLAIQIYQQL,1
EIASQLDESDPERQR,-1
RQSNQILRERCEELL,-1
YKELEDLQERLRKLR,1
KKLMDRHEALGEFIF,-1
LNIDEVIEIIRNEDE,-1
VARLKKLVGEKTKEI,1
NAHDLSKWDLFACNY,-1
MEVHDFETDEFNDFN,-1
LENPTNLEGKLADAA,-1
LLDALESNVQNVINN,1
MTLDEEYLDITFLTE,-1
NWSVEDIVKGINSNN,-1
ILPRLPYTTVIDQMI,-1
FCATLNYIDKNHGFE,-1
ENILQNYDEFATLKA,-1
CSLSPNLNIPEANYS,-1
IDSRIEELEKVLIGV,1
IAKSGISSQQQSMRL,-1
VQAMLGQLESYQQQL,1
IRELIAYALDTIAEN,1
AWRGVWTAEERRRKQ,-1
LRDKAKELWDWLYQL,1
IEEEVAKLLKLKAQL,1
QHRFEGLQVLETLLE,-1
YLEESNFVHRDLAAR,-1
MNDIVSAKVLEYKGK,-1
ADDQHKTIFDMVNKL,1
IAPLERHLLRLETFA,1
KQLQARILAGGHHHH,-1
KLANEGKVKEAQAAA,-1
FETVSFWLSNTCRFL,1
SHVFATSFQPHIEEC,-1
QVEEIRGFIDKIAEN,1
WLHYRMLEDWGYKDL,-1
SGTTREEVKEKFLKE,-1
ANVMLQGLSSRILQT,1
RDLLKDILESEEEHI,1
NDVEYHESIDEMKHA,1
IAILALICLVLSSLV,1
GLNSCPVKEANQSTL,-1
MWGVIEGAVSALHQL,1
EARALYNLGNVYHAK,1
GYFHPPDEHLEHEDK,-1
IGLLALARDEIHEAV,-1
VPYFISQLDKMIEVM,1
TKEELEELMSDIKKT,1
KLANLRKKLRDLKLI,1
QVKDIKRIGDFITNL,1
INRQINLDLYASYVY,1
LEELVKLQGERVRGL,1
MEKVQYLTRSAIRRA,-1
ELICQENEGENDPVL,-1
RTTLIKFVKKLRFYN,1
SVSIAKDTIERIKII,1
LNKLLGNELVAINQY,1
DYKDDDDGAPADLED,-1
YKKAVNSEKTLFKYL,-1
TFGRETVLEYLVSFG,-1
MASVNSLEKHSWYHG,-1
